,movie
0,tv
1,film
2,television
3,show
4,book
5,videogame
6,films
7,movies
8,shows
9,books
10,videogames
11,novel
12,broadcast
13,video-game
14,author
15,broadcasts
16,broadcasting
17,novels
18,broadcasted
19,aired
20,airing
21,short stories
22,fiction
23,non-fiction
24,airs
25,radio
26,episodes
27,flick
28,nonfiction
29,episode
30,flicks
31,science fiction
32,poems
33,poem
34,poetry
35,t.v.
36,youtube
37,video
38,netflix
39,premiere
40,album
41,reading
42,albums
43,t.v
44,videos
45,read
46,premiered
47,hulu
48,premieres
49,premiering
50,novellas
51,vids
52,poet
53,music video
54,vid
55,novella
56,poets
57,songs
58,writer
59,song
60,music
61,tunes
62,novelist
63,tune
64,lyrics
65,theater
66,theatre
67,writers
68,debuted
69,lyric
70,novelists
71,debuting
72,debuts
73,concert
74,video game
75,anime
76,new single
77,movie theater
78,concerts
79,manga
80,authors
81,short story
82,animes
83,hentai
84,mangas
85,performances
86,performers
87,musical
88,musicians
89,dancers
90,singers
91,entertainers
92,performer
93,vocalists
94,artists
95,musician
96,rewatched
97,re-watched
98,rewatch
99,re-watch
100,entertainment
101,songwriter
102,artist
103,singer
104,dancer
105,composer
106,band
107,bands
108,game of thrones
109,rick and morty
110,comedy
111,nintendo
112,cinema
